Choir - All Hail The Power,Hymns/Choir-All-Hail-The-Power.mp3
Choir - All Power Is Given,Hymns/Choir-All-Power-Is-Given.mp3
Choir - All The Way My Saviour Leads Me,Hymns/Choir-All-The-Way-My-Saviour-Leads-Me.mp3
Choir - Almost Persuaded,Hymns/Choir-Almost-Persuaded.mp3
Choir - At Calvary,Hymns/Choir-At-Calvary.mp3
Choir - Banner Of The Cross,Hymns/Choir-Banner-Of-The-Cross.mp3
Choir - Behold The Stranger At The Door,Hymns/Choir-Behold-The-Stranger-At-The-Door.mp3
Choir - Blessed Assurance,Hymns/Choir-Blessed-Assurance.mp3
Choir - Bring Them In,Hymns/Choir-Bring-Them-In.mp3
Choir - Christ Arose,Hymns/Choir-Christ-Arose.mp3
Choir - Christ Is Risen,Hymns/Choir-Christ-Is-Risen.mp3
Choir - Come My Soul,Hymns/Choir-Come-My-Soul.mp3
Choir - Conquering Now,Hymns/Choir-Conquering-Now.mp3
Choir - Depth Of Mercy,Hymns/Choir-Depth-Of-Mercy.mp3
Choir - Fairest Lord Jesus,Hymns/Choir-Fairest-Lord-Jesus.mp3
Choir - Have Thine On Way,Hymns/Choir-Have-Thine-Own-Way.mp3
Choir - Head That Once Was Crowned With Thorns,Hymns/Choir-Head-That-Once-Was-Crowned-With-Thorns.mp3
Choir - He Careth For You,Hymns/Choir-He-Careth-For-You.mp3
Choir - He Giveth More Grace,Hymns/Choir-He-Giveth-More-Grace.mp3
Choir - He Is Coming Again,Hymns/Choir-He-Is-Coming-Again.mp3
Choir - He Is So Precious To Me,Hymns/Choir-He-Is-So-Precious-To-Me.mp3
Choir - He Lives On High,Hymns/Choir-He-Lives-On-High.mp3
Choir - He Will Hold Me Fast,Hymns/Choir-He-Will-Hold-Me-Fast.mp3
Choir - Ho Reapers,Hymns/Choir-Ho-Reapers.mp3
Choir - How Can I But Love Him?,Hymns/Choir-How-Can-I-But-Love-Him.mp3
Choir - I Belong To The King,Hymns/Choir-I-Belong-To-The-King.mp3
Choir - I Could Not Do Without Him,Hymns/Choir-I-Could-Not-Do-Without-Him.mp3
Choir - I Heard The Voice,Hymns/Choir-I-Heard-The-Voice.mp3
Choir - I Know That My Redeemer Liveth,Hymns/Choir-I-Know-My-Redeemer-Liveth.mp3
Choir - I Know Of A Name,Hymns/Choir-I-Know-Of-A-Name.mp3
Choir - I'm Singing,Hymns/Choir-Im-Singing.mp3
Choir - I Need Thee,Hymns/Choir-I-Need-Thee.mp3
Choir - In The Sweet Bye And Bye,Hymns/Choir-In-The-Sweet-Bye-n-Bye.mp3
Choir - Is My Name Written There ?,Hymns/Choir-Is-My-Name-Written-There.mp3
Choir - Is There Any Room For Jesus ?,Hymns/Choir-Is-There-Any-Room-For-Jesus.mp3
Choir - Is Your All On The Altar ?,Hymns/Choir-Is-Your-All-On-The-Altar.mp3
Choir - It Is Well With My Soul,Hymns/Choir-It-Is-Well.mp3
Choir - I Will Sing The Wondrous Story,Hymns/Choir-I-Will-Sing-The-Wondrous-Story.mp3
Choir - Jesus Is Calling,Hymns/Choir-Jesus-Is-Calling.mp3
Choir - Jesus Is Mine,Hymns/Choir-Jesus-Is-Mine.mp3
Choir - Jesus Loves Even Me,Hymns/Choir-Jesus-Loves-Even-Me.mp3
Choir - Just As I Am,Hymns/Choir-Just-As-I-Am.mp3
Choir - Lead On Oh King Eternal,Hymns/Choir-Lead-On-O-King-Eternal.mp3
Choir - Let Jesus Come Into Your Heart,Hymns/Choir-Let-Jesus-Come-Into-Your-Heart.mp3
Choir - Look To The Lamb Of God,Hymns/Choir-Look-To-The-Lamb-Of-God.mp3
Choir - Look Ye Saints,Hymns/Choir-Look-Ye-Saints.mp3
Choir - Lord I'm Coming Home,Hymns/Choir-Lord-Im-Coming-Home.mp3
Choir - Love Divine,Hymns/Choir-Love-Divine.mp3
Choir - Love Lifted Me,Hymns/Choir-Love-Lifted-Me.mp3
Choir - Majestic Sweetness,Hymns/Choir-Majestic-Sweetness.mp3
Choir - Man Of Sorrows,Hymns/Choir-Man-Of-Sorrows.mp3
Choir - Medley Assorted,Hymns/Choir-Medly.mp3
Choir - Medley Choruses,Hymns/Choir-Medly-Choruses.mp3
Choir - Medley Hear The Good News,Hymns/Choir-Medly-Hear-The-Good-News.mp3
Choir - Medley Safe Am I,Hymns/Choir-Medly-Safe-Am-I.mp3
Choir - Medley The Blood,Hymns/Choir-Medly-The-Blood.mp3
Choir - More Love To Thee,Hymns/Choir-More-Love-To-Thee.mp3
Choir - My Hope Is Built On Nothing Less,Hymns/Choir-My-Hope-Is-Built-On-Nothing-Less.mp3
Choir - No Not One,Hymns/Choir-No-Not-One.mp3
Choir - Oh For A Thousand Tongues,Hymns/Choir-Oh-For-A-Thousand-Tongues.mp3
Choir - Oh Listen To Our Wondrous Story,Hymns/Choir-Oh-Listen-To-Our-Wondrous-Story.mp3
Choir - Oh Say That I'm Glad,Hymns/Choir-Oh-Say-That-Im-Glad.mp3
Choir - One day,Hymns/Choir-Oneday.mp3
Choir - Only In Thee,Hymns/Choir-Only-In-Thee.mp3
Choir - Out Of My Bondage,Hymns/Choir-Out-Of-My-Bondage.mp3
Choir - Praise The Lord,Hymns/Choir-Praise-The-Lord.mp3
Choir - Praise The Saviour,Hymns/Choir-Praise-The-Saviour.mp3
Choir - Redeemed,Hymns/Choir-Redeemed.mp3
Choir - Revive Us Again,Hymns/Choir-Revive-Us-Again.mp3
Choir - Saved By The Blood,Hymns/Choir-Saved-By-The-Blood.mp3
Choir - Saved Saved Saved,Hymns/Choir-Saved-Saved-Saved.mp3
Choir - Savoiur Lead Me Lest I Stray,Hymns/Choir-Saviour-Lead-Me-Lest-I-Stray.mp3
Choir - Shepherd Of Love,Hymns/Choir-Shepherd-Of-Love.mp3
Choir - Softly &amp; Tenderly Jesus Is Calling,Hymns/Choir-Softly-And-Tenderly-Jesus-Is-Calling.mp3
Choir - Sunset Is Coming The Sunrise We See,Hymns/Choir-Sunset-Is-Coming-The-Sunrise-We-See.mp3
Choir - Sweeter As The Years Go By,Hymns/Choir-Sweeter-As-The-Years.mp3
Choir - Take Time To Be Holy,Hymns/Choir-Take-Time-To-Be-Holy.mp3
Choir - Tell Me The Old Old Story,Hymns/Choir-Tell-Me-The-Old-Old-Story.mp3
Choir - That Man Of Calvary,Hymns/Choir-That-Man-Of-Calvary.mp3
Choir - The Fight Is On !,Hymns/Choir-The-Fight-Is-On.mp3
Choir - The Hallelujah Chorus,Hymns/Choir-The-Hallelujah-Chorus.mp3
Choir - Tho Your Sins Be As Scarlet,Hymns/Choir-Tho-Your-Sins-Be-As-Scarlet.mp3
Choir - Tis So Sweet To Trust In Jesus,Hymns/Choir-Tis-So-Sweet-To-Trust-In-Jesus.mp3
Choir - Trust In The Lord,Hymns/Choir-Trust-In-The-Lord.mp3
Choir - Turn Your Eyes Upon Jesus,Hymns/Choir-Turn-Your-Eyes-Upon-Jesus.mp3
Choir - We Shall Shine As The Stars,Hymns/Choir-We-Shall-Shine-As-The-Stars.mp3
Choir - What A Friend We Have In Jesus,Hymns/Choir-What-A-Friend-We-Have-In-Jesus.mp3
Choir - What Did He Do ?,Hymns/Choir-What-Did-He-Do.mp3
Choir - What Will You Do With The King ?,Hymns/Choir-What-Will-You-Do-With-The-King.mp3
Choir - When I See The Blood,Hymns/Choir-When-I-See-The-Blood.mp3
Choir - When I Survey The Wondrous Cross,Hymns/Choir-When-I-Survey.mp3
Choir - While Jesus Whispers,Hymns/Choir-While-Jesus-Whispers.mp3
Choir - Why Do You Wait ?,Hymns/Choir-Why-Do-You-Wait.mp3
Choir - Why Not Say Yes ?,Hymns/Choir-Why-Not-Say-Yes.mp3
Choir - Wonderful Name He Bears,Hymns/Choir-Wonderful-Name-He-Bears.mp3
Choir - Wonderful Words Of Life,Hymns/Choir-Wonderful-Words-Of-Life.mp3
Choir - Yesterday Today Forever,Hymns/Choir-Yesterday-Today-Forever.mp3
Choir - Behold Your King Cantata (33 minutes),Hymns/Choir-BeholdYourKing-EasterCantata-1963.mp3
Duet - Blessed Redeemer,Hymns/Duet-Blessed-Redeemer-POP1976.mp3
Duet - In The Hollow Of His Hand,Hymns/Duet-In-The-Hollow-Of-His-Hand.mp3
Duet - Love Divine,Hymns/Duet-Love-Divine.mp3
Male Chorus - Glorious Things Of Thee Are Spoken,Hymns/MaleChorus-Glorious-Things-Of-Thee-Are-Spoken.mp3
Male Chorus - Whosoever Will,Hymns/MaleChorus-Whosoever-Will.mp3
Quartet - Blood Will Never Lose It's Power,Hymns/Quartet-Blood-Will-Never-Lose-Its-Power.mp3
Quartet - I Have Been Redeemed,Hymns/Quartet-I-Have-Been-Redeemed.mp3
Quartet - Jesus Paid It All,Hymns/Quartet-Jesus-Paid-It-All.mp3
Quartet - My Anchor Holds,Hymns/Quartet-My-Anchor-Holds.mp3
Quartet - Rock Of Ages,Hymns/Quartet-Rock-Of-Ages.mp3
Quartet - Unveiled Christ,Hymns/Quartet-Unveiled-Christ.mp3
Solo - D. Stallings-How Great Thou Art,Hymns/Solo-D_Stallings-How-Great-Thou-Art.mp3
Solo - D. Stallings-I Know Whom I Have Believed,Hymns/Solo-D_Stallings-I-Know-Whom-I-Have-Believ_ed.mp3
Solo - D. Stallings-I Surrender All,Hymns/Solo-D_Stallings-I-Surrender-All.mp3
Solo - D. Stallings-Jesus Is The Sweetest Name I Know,Hymns/Solo-D_Stallings-Jesus-Is-The-Sweetest-Name.mp3
Solo - D. Stallings - Nothing Between,Hymns/Solo-D_Stallings-Nothing-Between.mp3
Solo - D. Stallings - The Broken Heart,Hymns/Solo-D_Stallings-The-Broken-Heart.mp3
Solo - D. Stallings - The Love Of God,Hymns/Solo-D_Stallings-The-Love-Of-God.mp3
Solo - D. Stallings - Yield Not To Temptation,Hymns/Solo-D_Stallings-Yield-Not-To-Temptation.mp3
Solo - M. Greenhill - I Want To See My Savoiur,Hymns/Solo-M_Greenhill-I-Want-To-See-My-Saviour.mp3
Solo - M. Greenhill - Jesus Wept,Hymns/Solo-M_Greenhill-Jesus-Wept.mp3
Solo - M. Greenhill - More Time Alone,Hymns/Solo-M_Greenhill-More-Time-Alone.mp3
Solo - M. Greenhill-Song Of The Soul Set Free,Hymns/Solo-M_Greenhill-Song-Of-The-Soul-Set-Free.mp3
Trio - It's Not An Easy Road,Hymns/Trio-Its-Not-An-Easy-Road.mp3
Trio - Medley Peace,Hymns/Trio-Medly-Peace.mp3
Trio - Thank God For Jesus,Hymns/Trio-Thank-God-For-Jesus.mp3
Trio - Turn Your Eyes Upon Jesus,Hymns/Trio-Turn-Your-Eyes-Upon-Jesus.mp3
Trio - When He Calls Me,Hymns/Trio-When-He-Calls-Me.mp3
Bristol Conference Music - 1977,Hymns/Music-Bristol-Conf-1977.mp3
Skyland Conference Music-1979,Hymns/Music-Skyland-Conf-1979.mp3
Skyland Conference Music-1980,Hymns/Music-Skyland-Conf-1980.mp3
Skyland Conference Music-1981,Hymns/Music-Skyland-Conf-1981.mp3
Valley Bible Chapel Concert - 1981,Hymns/ValleyBibleChapelConcert1981.mp3
