HorlockMalcokmPsalm2-Bahamas,2011-10-01
FindingChristInTheStorm,2010-11-06
ConsiderYourLatterEnd,2010-09-05
ChangesInTheResurrectionBody,2010-08-01
p0604-01,2010-05-04
TemporaryBodies,2009-06-05
HarpurGeorgeTheChrist-01,2009-04-04
PriceLTheSinOffering,2009-3-02
p1813-02,2009-01-05
JohnMiltonMills-Addicted,2009-12-01
p0517-13,2008-08-02,2008-08-02
p0156-01,2008-07-03,2008-07-03
DunlapDavidStoryBookLodgeCampMinistry-2006-06.mp3,3008-06-03
IrvinClintDietyOfChrist-01.mp3,2008-05-02
McInteeArnotTheGreatestManInTheWorld.mp3,2008-04-02
SmithHarold-TheManWhoMissedTheTrain.mp3,2008-03-03
WilsonT.ErnestSongOfSolomon-01.mp3,2008-02-03
MacDonaldWilliamHeaven-HomeHim-01.mp3,2008-01-01
MacDonaldWilliamHeaven-HomeHim-02.mp3,2008-01-01
MacDonaldWilliamHeaven-HomeHim-03.mp3,2008-01-01
z-McClurkin-CanWeBeForgiven-v1735-01.mp3,2007-12-01
z-GibbsTheWiseAndFoolishVirgins.mp3,2007-11-01
MHorlock-2004-unforgiving_servant.mp3,2007-09-06
z-Pell-APortraitOfChrist-v1823-06.mp3,2007-08-01
Nicholson_JB-TheMillenium-01.mp3,2007-05-05
z-Bramhall-TheBreadOfLife-v2066-18.mp3,2007-04-01
z-Rogers-Isaiah53-v0548-02.mp3,2007-03-01
z-Garnes-EnemiesOfChrHome-v1539-02.mp3,2007-01-01
NicholsonBoydPrayer1997-04.mp3,2007-01-01
z-McNeil-GenealogyOfTheKing-p1433-03.mp3,2006-12-08
Mills-LifeOfMoses-12-v0706-12.mp3,2006-10-01
ReeseJoeWeekOfMeetings-02.mp3,2006-09-01
z-ChambersLWhatIsAChristian.mp3,2006-08-01
z-StraussFiveMenAndFiveTrees.mp3,2006-07-01
z-MacDonaldWilliamTheWonderOfCalvary.mp3,2006-06-04
HaggertyFrankGreenwoodHillsConference1992-13.mp3,2006-05-01
DavisClayton_BuyTheTruthAndSellItNot.mp3,2006-04-01
Kirk-Our-Lord-Jesus-Christ-p0245-03.mp3,2006-03-01
GoodNewsHour-1961/HornJohn-EternalThings-02.mp3,2006-01-01
GoodNewsHour-1961/HornJohn-EternalThings-01.mp3,2005-12-01
GoodNewsHour-1961/z-HornDavid-TheFoldHirlingSheepAndShepherd.mp3,2005-12-17
